,0,1
0,9347d5f7.jpeg,null
1,459b00d4.jpeg,null
2,0a8a955f.jpeg,null
3,9f6518d2.jpeg,2019-02-24
4,fc4067f4.jpeg,null
5,9aca41c9.jpeg,2019-01-05
6,c1c6a9fa.jpeg,2018-12-28
7,fb5af2cc.jpeg,2019-04-28
8,d7ddc370.jpeg,null
9,6a42604c.jpeg,2016-07-08
10,eb1818b7.jpeg,null
11,e968011e.jpeg,null
12,d02db5bc.jpeg,null
13,102dd660.jpeg,null
14,63debea1.jpeg,2018-01-27
15,6bba9c45.jpeg,2019-07-18
16,a7001ecc.jpeg,2017-08-12
17,df51a6f0.jpeg,null
18,9d315c3b.jpeg,null
19,c4c67f2e.jpeg,2019-05-20
20,ae94e526.jpeg,2019-12-06
21,31ad980e.jpeg,null
22,b30773b0.jpeg,2019-06-25
23,349c23ef.jpeg,2017-05-09
24,1f6a12e7.jpeg,2018-02-17
25,df06b272.jpeg,null
26,db0ced42.jpeg,null
27,10e00c18.jpeg,2019-08-06
28,b57a5255.jpeg,2019-07-04
29,4fa1fc56.jpeg,2018-09-25
30,c7643735.jpeg,null
31,c4580395.jpeg,2019-06-15
32,b0511c9e.jpeg,2019-07-16
33,55b59146.jpeg,2019-06-27
34,9b79f888.jpeg,2019-05-06
35,5c3075ae.jpeg,null
36,0349ff40.jpeg,null
37,4fdb8f6a.jpeg,2019-05-16
38,a55acac4.jpeg,2019-05-31
39,aa33ae61.jpeg,2019-06-16
40,32d10504.jpeg,null
41,b2802844.jpeg,2019-07-19
42,e2080a18.jpeg,null
43,996ad591.jpeg,null
44,a1468725.jpeg,2019-03-25
45,d65531e1.jpeg,2016-12-02
46,4f692e69.jpeg,2019-07-11
47,fc6c8af2.jpeg,null
48,04fa5e11.jpeg,null
49,c2195ac8.jpeg,2018-03-08
50,38d9d542.jpeg,2019-09-06
51,9f7dd143.jpeg,null
52,f0f599e0.jpeg,null
53,38863cee.jpeg,2019-04-18
54,15ce8549.jpeg,2019-08-18
55,25ee2c0d.jpeg,2019-06-25
56,6e6c8022.jpeg,2019-06-20
57,d2aaea28.jpeg,2013-03-22
58,88382c50.jpeg,2013-07-16
59,25f999dc.jpeg,null
60,89f3c36a.jpeg,2019-06-18
61,75b7ef34.jpeg,null
62,95ec3eab.jpeg,2019-03-17
63,7757f74b.jpeg,null
64,603fdc0f.jpeg,null
65,1ae93f0a.jpeg,null
66,96de25e8.jpeg,2019-07-16
67,84dce936.jpeg,2019-05-16
68,8b916b49.jpeg,null
69,cb4b0752.jpeg,null
70,c19fc15f.jpeg,2017-06-13
71,2590a66d.jpeg,2019-06-14
72,ccd6f8f5.jpeg,2019-01-06
73,2f36db66.jpeg,2019-08-30
74,2ef79975.jpeg,null
75,c9e60c74.jpeg,null
76,c78931cf.jpeg,2019-02-07
77,121a7302.jpeg,2019-06-27
78,d2373192.jpeg,null
79,26ab5ac7.jpeg,null
80,e226408d.jpeg,2019-06-22
81,d426211c.jpeg,null
82,52df6216.jpeg,null
83,5bb556be.jpeg,null
84,752bb04a.jpeg,null
85,faaf2ba1.jpeg,null
86,91b2f85d.jpeg,null
87,72b3b552.jpeg,null
88,d543411c.jpeg,2016-09-24
89,8dc11f3b.jpeg,null
90,9d042023.jpeg,2019-05-26
91,80b2a0d5.jpeg,2019-06-23
92,0cc46a10.jpeg,2004-08-09
93,fece09ba.jpeg,null
94,f36b6c9d.jpeg,2018-10-25
95,62f15742.jpeg,2015-03-07
96,0e0dd005.jpeg,2019-06-07
97,9df19b67.jpeg,null
98,375f34a9.jpeg,null
99,774194f1.jpeg,null
100,268027de.jpeg,2019-01-07
101,d5beec92.jpeg,null
102,cd2e80f2.jpeg,2016-12-19
103,20888b5e.jpeg,null
104,67784f13.jpeg,null
105,20aaa16a.jpeg,2019-07-06
106,194fc04c.jpeg,2015-08-22
107,316b49e7.jpeg,2013-06-15
108,bdc0019f.jpeg,null
109,c478b53b.jpeg,null
110,fc8e3dde.jpeg,2019-11-01
111,a190549c.jpeg,null
112,e802d4e2.jpeg,2012-06-19
113,4934b499.jpeg,2019-02-06
114,f16efae4.jpeg,null
115,aeb91209.jpeg,null
116,c8d5b927.jpeg,null
117,c9c0da83.jpeg,2019-06-17
118,42c85ea9.jpeg,2016-10-04
119,4abb6285.jpeg,2016-07-15
120,d3df924c.jpeg,null
121,7501533b.jpeg,null
122,e2ab7e79.jpeg,2019-04-01
123,bbe8febc.jpeg,2019-06-15
124,7ab07a7e.jpeg,null
125,a44f4dd1.jpeg,null
126,d717748c.jpeg,2019-06-06
127,a8d87938.jpeg,2019-05-07
128,c70f7dac.jpeg,2019-03-06
129,7c391a3a.jpeg,2019-04-19
130,4e7babf5.jpeg,2019-07-04
131,53c03235.jpeg,null
132,cf964a62.jpeg,2018-10-29
133,522b71b7.jpeg,2018-02-06
134,fb360175.jpeg,null
135,5fb7995c.jpeg,2019-06-24
136,551883ef.jpeg,2017-06-16
137,beeb9566.jpeg,2019-10-06
138,74346a8f.jpeg,null
139,73223a9f.jpeg,null
140,5778a323.jpeg,2019-05-17
141,86c91cbd.jpeg,2012-04-02
142,dfed1676.jpeg,2019-06-27
143,8e5f8da4.jpeg,2000-07-11
144,a72f96ca.jpeg,null
145,b22e3c57.jpeg,2019-06-06
146,19aa65d3.jpeg,2019-09-06
147,eea737a6.jpeg,2019-07-25
148,7ecbd11f.jpeg,2017-03-17
149,5b0d6748.jpeg,null
150,946898a1.jpeg,null
151,88c4cc0c.jpeg,null
152,83c9db9a.jpeg,2019-01-19
153,dcd20d5a.jpeg,null
154,f92fcd42.jpeg,null
155,a17d8c2f.jpeg,2019-06-19
156,cec4ecc5.jpeg,2018-12-29
157,de58dc3f.jpeg,null
158,dbc70af6.jpeg,null
159,4b8cfbf2.jpeg,null
160,942e9fb6.jpeg,null
161,cbd9ab5e.jpeg,2006-09-05
162,ac676281.jpeg,null
163,406d482f.jpeg,2018-04-20
164,cf7b1404.jpeg,null
165,4754f9e3.jpeg,null
166,deedf037.jpeg,null
167,a3dbcdaa.jpeg,null
168,8ae1cfcd.jpeg,2017-06-26
169,a1e35140.jpeg,2019-06-16
170,c6f12b50.jpeg,2012-05-10
171,e3a528ad.jpeg,null
172,e3cdeead.jpeg,2019-05-13
173,4982922a.jpeg,null
174,4e4b0d9c.jpeg,2019-05-06
175,316d4f06.jpeg,null
176,33fba310.jpeg,2019-08-06
177,718914cd.jpeg,null
178,8d93ed14.jpeg,null
179,cec9988c.jpeg,2017-08-15
180,3e2e8c09.jpeg,2019-10-07
181,5753d0c6.jpeg,2019-07-02
182,704f4322.jpeg,2017-10-09
183,c2c2d4ba.jpeg,2017-04-05
184,be838c96.jpeg,2019-05-27
185,4dddf1eb.jpeg,null
186,4f58927d.jpeg,2018-11-05
187,f2c1e641.jpeg,2019-03-12
188,5bd0d02d.jpeg,null
189,2bdd2396.jpeg,null
190,9dacc253.jpeg,2019-06-26
191,fb7fb9d7.jpeg,null
192,ad2814be.jpeg,null
193,3e3a4f77.jpeg,2019-04-06
194,d079725c.jpeg,null
195,4d79fcf2.jpeg,null
196,ed731156.jpeg,null
197,1f9bdf4a.jpeg,2019-06-06
198,30501b83.jpeg,null
199,89d9667c.jpeg,2019-06-21
200,f9034671.jpeg,null
201,37176928.jpeg,2019-07-12
202,05f91a79.jpeg,null
203,21e9cc19.jpeg,null
204,9a137cc9.jpeg,2019-07-21
205,97ae705c.jpeg,null
206,bac3fe9e.jpeg,null
207,3e8b3fad.jpeg,2019-08-07
208,4175425f.jpeg,null
209,90733c0d.jpeg,2019-07-19
210,417dc9c8.jpeg,2019-02-02
211,2c942f50.jpeg,2019-06-29
212,e5235e8c.jpeg,2018-06-22
213,5d069db5.jpeg,2019-07-12
214,41879403.jpeg,2009-06-26
215,e6b0240b.jpeg,2019-03-06
216,4fef1c7e.jpeg,null
217,c660b2f7.jpeg,null
218,24847223.jpeg,2019-06-26
219,150d4dde.jpeg,null
220,8f51d477.jpeg,2019-06-13
221,97802ad1.jpeg,2019-03-02
222,b06a246f.jpeg,null
223,5afb1261.jpeg,null
224,8a07a435.jpeg,2019-06-19
225,f2de425f.jpeg,null
226,44373191.jpeg,2019-05-13
227,bf0ce2ba.jpeg,null
228,a18a7997.jpeg,2018-01-28
229,e7a6f8bd.jpeg,null
230,d37231f3.jpeg,2019-01-01
231,0156b46f.jpeg,2019-07-25
232,4da45cc9.jpeg,2015-02-06
233,bb958b7f.jpeg,null
234,ec07892e.jpeg,null
235,9ade947c.jpeg,null
236,8c015834.jpeg,null
237,7e979c6c.jpeg,2018-10-03
238,d8601222.jpeg,null
239,991302fd.jpeg,null
240,a4aee2d5.jpeg,2017-04-27
241,cf332c79.jpeg,2019-05-17
242,ff6b37aa.jpeg,2000-06-14
243,f41ce8c7.jpeg,null
244,e5560cf1.jpeg,null
245,71548d28.jpeg,null
246,997ba80b.jpeg,null
247,e59fe62f.jpeg,2019-06-24
248,f980a8bc.jpeg,null
249,2e12ae7f.jpeg,2019-01-07
250,1f880ba4.jpeg,null
251,5d63f1a2.jpeg,2013-07-16
252,4b494298.jpeg,2018-08-18
253,f8d4578f.jpeg,null
254,7276fcd8.jpeg,2018-11-04
255,826bb4b1.jpeg,2019-06-27
256,13dc4bd4.jpeg,null
257,e4413fe0.jpeg,2019-07-02
258,643fab2f.jpeg,null
259,6f542182.jpeg,2019-07-18
260,6dbdd84b.jpeg,null
261,0eda160c.jpeg,2019-06-28
262,e890664c.jpeg,null
263,f85a0139.jpeg,2018-08-28
264,a34336fd.jpeg,2019-07-17
265,3c73f675.jpeg,null
266,e39a91cc.jpeg,null
267,a8c6b02c.jpeg,null
268,1d900ca2.jpeg,2019-07-09
269,eb3698c6.jpeg,null
270,618ce259.jpeg,2019-04-20
271,699f83d9.jpeg,null
272,b517f1ae.jpeg,2019-07-16
273,36285989.jpeg,null
274,6cb2b839.jpeg,2016-01-09
275,52b8d251.jpeg,2019-06-23
276,a9800e10.jpeg,2019-06-07
277,3e4e3b6a.jpeg,2019-07-22
278,5d80cb45.jpeg,2019-07-16
279,7e60a259.jpeg,2019-05-29
280,fb939620.jpeg,null
281,b9130266.jpeg,null
282,36e4ad81.jpeg,2019-07-15
283,9aff01ec.jpeg,2019-05-01
284,62b3d78b.jpeg,2018-08-12
285,037ef967.jpeg,2019-05-22
286,e6afefba.jpeg,null
287,9fbebaaf.jpeg,2016-10-04
288,6878de95.jpeg,null
289,a26adf55.jpeg,null
290,2bbb8522.jpeg,null
291,3055743f.jpeg,2019-02-07
292,8e5b620a.jpeg,2013-03-16
293,da2bf0dd.jpeg,null
294,0c4672b4.jpeg,null
295,1e3d07aa.jpeg,null
296,da5e3696.jpeg,2017-12-29
297,2d27a624.jpeg,null
298,ce4ec734.jpeg,2019-12-01
299,adc1b1d1.jpeg,2019-02-06
300,3519f28b.jpeg,null
301,deda5875.jpeg,2017-08-21
302,d022521e.jpeg,null
303,b55eba8a.jpeg,2012-06-21
304,64bee512.jpeg,null
305,e9a07f75.jpeg,2019-07-16
306,0b1664cb.jpeg,null
307,8e7a99a9.jpeg,2019-03-05
308,e2ce8f5a.jpeg,2018-01-07
309,66e32579.jpeg,2019-07-26
310,c22e84bf.jpeg,2019-07-06
311,abcc056f.jpeg,2019-06-22
312,223eba39.jpeg,2019-06-01
313,648a919d.jpeg,2019-07-19
314,b199704c.jpeg,null
315,1171a5da.jpeg,2019-07-14
316,3bf18630.jpeg,2019-06-16
317,96844b6d.jpeg,2019-06-15
318,7c9e38ba.jpeg,2019-05-05
319,39e7c62a.jpeg,null
320,2de48561.jpeg,2019-05-17
321,c99a6da9.jpeg,null
322,5c79316b.jpeg,null
323,b31b7fba.jpeg,2015-03-14
324,fdaae374.jpeg,2018-06-29
325,e29e4aac.jpeg,null
326,5142a222.jpeg,null
327,7b987291.jpeg,2019-02-09
328,4a9af216.jpeg,2019-03-06
329,e562fd32.jpeg,2019-05-28
330,6bab0d7d.jpeg,2019-06-17
331,2edff68d.jpeg,null
332,d310bd8c.jpeg,2019-06-28
333,a5952274.jpeg,2019-11-07
334,379efbfc.jpeg,null
335,0c60aa84.jpeg,2013-06-28
336,4ec4559a.jpeg,2019-07-23
337,904efee7.jpeg,null
338,a8f7689b.jpeg,2019-07-19
339,9f100f6a.jpeg,2019-05-20
340,02d54805.jpeg,2019-05-29
341,8457a646.jpeg,2018-07-13
342,b3ed8ea1.jpeg,2019-06-20
343,58133e04.jpeg,2019-03-06
344,0358c6c3.jpeg,null
345,1a9c056c.jpeg,2012-06-19
346,aa3640e5.jpeg,null
347,1cd9dfed.jpeg,null
348,b0ba1d29.jpeg,null
349,d388a1e0.jpeg,null
350,cc3853bf.jpeg,2019-07-25
351,96ccf006.jpeg,2016-04-24
352,c89d1fc8.jpeg,null
353,74c2c549.jpeg,2019-05-19
354,8633fc48.jpeg,2012-01-13
355,3f2f44eb.jpeg,2019-11-06
356,cf78f2b0.jpeg,null
357,1afb9648.jpeg,2019-05-22
358,376101f2.jpeg,null
359,fb075aff.jpeg,2013-01-06
360,80247cd7.jpeg,null
361,02acce30.jpeg,2016-10-06
362,26738bde.jpeg,null
363,4b1911d2.jpeg,2018-11-05
364,d21be23d.jpeg,null
365,1e288e8c.jpeg,2019-06-07
366,9585fb50.jpeg,null
367,68c1c1de.jpeg,2003-07-12
368,6eef3a7f.jpeg,2018-09-28
369,43d7cd10.jpeg,2017-10-07
370,b21bee63.jpeg,2019-08-19
371,abf51544.jpeg,2017-08-13
372,ec8f6e40.jpeg,2017-12-22
373,96e270fd.jpeg,null
374,7d3d33d3.jpeg,null
375,5f2e42d9.jpeg,null
376,f29424af.jpeg,null
377,7f892b9b.jpeg,null
378,0308aae2.jpeg,null
379,c89a5476.jpeg,null
380,de279295.jpeg,null
381,e756ff2c.jpeg,2019-12-07
382,318663fa.jpeg,null
383,a5b617de.jpeg,null
384,b666ee43.jpeg,null
385,2ad1b322.jpeg,null
386,cdac31b4.jpeg,null
387,3cdec471.jpeg,null
388,16929bef.jpeg,2014-05-22
389,80da81d4.jpeg,2019-06-25
390,208e94bb.jpeg,2019-01-06
391,049c8dfd.jpeg,null
392,513a9167.jpeg,2019-07-18
393,4d207768.jpeg,null
394,a1cdfdde.jpeg,2019-06-06
395,62611b46.jpeg,2018-01-25
396,d1512e12.jpeg,2019-10-06
397,6c447c78.jpeg,null
398,e50fe5f9.jpeg,2019-04-05
399,64d55742.jpeg,null
400,8558b94e.jpeg,2015-06-29
401,8939f524.jpeg,2017-09-27
402,04887bab.jpeg,2019-02-07
403,758414d5.jpeg,2019-07-05
404,e1363e44.jpeg,2019-07-05
405,c7323e60.jpeg,null
406,b1c64bac.jpeg,2019-04-23
407,69095b91.jpeg,null
408,6e5b73db.jpeg,2019-06-09
409,6a6e2a14.jpeg,2019-03-19
410,715d59e4.jpeg,2018-02-07
411,1191438d.jpeg,2018-06-30
412,265001bf.jpeg,2019-07-11
413,093304e6.jpeg,2019-06-20
414,65f3d160.jpeg,null
415,4bdd80e2.jpeg,null
416,cce28d60.jpeg,null
417,792e12f9.jpeg,null
418,4af6d4a7.jpeg,null
419,c532025f.jpeg,null
420,7eb86b39.jpeg,null
421,7ba45680.jpeg,2017-11-18
422,df00dff6.jpeg,2019-07-16
423,fb835913.jpeg,2006-09-05
424,4883a482.jpeg,2019-09-03
425,b5e8f967.jpeg,null
426,a47ae875.jpeg,2017-12-05
427,ff2f420c.jpeg,null
428,899d661a.jpeg,null
429,94c84d39.jpeg,2017-02-18
430,25635faa.jpeg,null
431,156e0f63.jpeg,2019-05-19
432,5e43dac3.jpeg,2019-08-23
433,745b1998.jpeg,2019-05-17
434,43d4608f.jpeg,null
435,fecc3c48.jpeg,2012-12-09
436,afa578d9.jpeg,2013-06-11
437,d464ba5d.jpeg,2019-05-27
438,b8c01c17.jpeg,null
439,0728f702.jpeg,2016-04-15
440,317fb684.jpeg,2017-02-12
441,c6b7675c.jpeg,null
442,558a9aa9.jpeg,2017-05-25
443,d1796a85.jpeg,null
444,86ed0984.jpeg,2019-06-22
445,f2e9be84.jpeg,null
446,e737307f.jpeg,null
447,3530e6d1.jpeg,null
448,b8c35020.jpeg,2016-11-12
449,710e2d39.jpeg,null
450,0daa6a1c.jpeg,2019-04-13
451,2b4713c8.jpeg,null
452,9081eb41.jpeg,null
453,c5264903.jpeg,null
454,40e86c08.jpeg,null
455,d48e2bc0.jpeg,null
456,077124e4.jpeg,null
457,c87ae05e.jpeg,null
458,0406cfb1.jpeg,2019-07-17
459,5c670322.jpeg,null
460,651f5503.jpeg,null
461,ffe2a9a0.jpeg,null
462,f484b2e9.jpeg,2019-06-24
463,ee13198f.jpeg,null
464,43edeb2e.jpeg,2019-07-30
465,2c500858.jpeg,2016-03-26
466,ec5f70cb.jpeg,2016-04-07
467,3bfa05ad.jpeg,2018-09-25
468,9bf563ad.jpeg,null
469,5dca8c72.jpeg,null
470,f119f71a.jpeg,2015-08-30
471,8290ec25.jpeg,2018-01-11
472,b8cc912d.jpeg,null
473,a3dd3ffb.jpeg,2019-07-19
474,2fdd6a08.jpeg,2019-04-06
475,96a5541a.jpeg,2017-08-09
476,ddddaf89.jpeg,2019-01-06
477,d330054e.jpeg,null
478,70b0dba1.jpeg,2019-06-16
479,f963b6ca.jpeg,2019-06-05
480,637456ba.jpeg,null
481,31761796.jpeg,2019-07-02
482,f9aa53c2.jpeg,null
483,105e97c5.jpeg,null
484,f78e114d.jpeg,null
485,e16297a7.jpeg,null
486,557dc266.jpeg,null
487,9ae2c1aa.jpeg,2019-11-07
488,28fe14e7.jpeg,null
489,d119364e.jpeg,null
490,13531d03.jpeg,null
491,956be7eb.jpeg,2019-11-06
492,d1a20345.jpeg,2016-12-03
493,8e16764a.jpeg,2019-07-06
494,82aed0de.jpeg,null
495,fae4ae81.jpeg,2019-05-17
496,3bce4b60.jpeg,2015-06-27
497,32b4d880.jpeg,2006-07-18
498,e1540843.jpeg,null
499,57c7c0a6.jpeg,null
500,2b577c41.jpeg,2019-03-02
501,3331e5f3.jpeg,2017-05-03
502,3deff9fb.jpeg,2019-05-31
503,804c5522.jpeg,null
504,88e28b23.jpeg,2019-07-18
505,0efaa622.jpeg,2019-04-30
506,5b6ee5a0.jpeg,2017-12-29
507,693a7582.jpeg,null
508,6d53e280.jpeg,2017-07-16
509,d50224be.jpeg,2019-12-03
510,ec1853b1.jpeg,2018-07-21
511,fc4ea984.jpeg,2019-04-10
512,3d06f10e.jpeg,null
513,c69d5a43.jpeg,2019-06-07
514,5cb08cab.jpeg,null
515,01a0cabb.jpeg,2018-09-29
516,73313aba.jpeg,2006-04-01
517,81c972d3.jpeg,2019-02-19
518,da1bf674.jpeg,null
519,1f2e0222.jpeg,2018-10-20
520,c43f882f.jpeg,2019-06-23
521,01048818.jpeg,null
522,912ad2e1.jpeg,2019-06-18
523,ca7a837e.jpeg,null
524,b0d5d8c5.jpeg,null
525,abd76c4b.jpeg,null
526,aba42498.jpeg,null
527,57c169de.jpeg,null
528,82953a03.jpeg,2019-06-23
529,18e9efcf.jpeg,null
530,8651523e.jpeg,null
531,5c2b38f0.jpeg,null
532,ecb4f350.jpeg,null
533,46ca4063.jpeg,null
534,5ff14463.jpeg,null
535,988159af.jpeg,2019-07-13
536,55291d91.jpeg,2019-06-12
537,e093c331.jpeg,2019-06-23
538,148ebe90.jpeg,2019-06-19
539,d24165d5.jpeg,null
540,982b02cf.jpeg,null
541,02f4068e.jpeg,2019-07-03
542,9fc011f7.jpeg,null
543,c9afb011.jpeg,null
544,8930e861.jpeg,null
545,ff8e6691.jpeg,null
546,0cdf6ec0.jpeg,2019-06-20
547,a1ea8555.jpeg,null
548,e145bcc7.jpeg,null
549,bd30660c.jpeg,2017-12-17
550,d1c36f6e.jpeg,null
551,332c05ec.jpeg,null
552,212ab88f.jpeg,2019-07-04
553,aff8e5ab.jpeg,2018-01-23
554,1ed34833.jpeg,null
555,78bce3b1.jpeg,null
556,2b931f74.jpeg,null
557,1b0a9723.jpeg,2019-07-19
558,5ca33654.jpeg,2019-04-26
559,da0978f5.jpeg,null
560,d044bade.jpeg,null
561,a2ce1b5e.jpeg,null
562,70edf5c1.jpeg,null
563,75351233.jpeg,null
564,9219d71b.jpeg,2019-07-19
565,7383041e.jpeg,2019-06-06
566,e7205cbe.jpeg,null
567,9a8e24a1.jpeg,null
568,9966a3ad.jpeg,null
569,8185e1b8.jpeg,null
570,fe41933a.jpeg,null
571,068ea6e6.jpeg,2019-05-24
572,ad742eb5.jpeg,2017-06-28
573,0a0ebd53.jpeg,null
574,db5b86d1.jpeg,2017-07-01
575,f23085d1.jpeg,2019-02-28
